date,year,month,day,competition.slug,competition.string,home.team,away.team,matchup,rmd.link,match.csv.link,stats.csv.link,notes,round,location.data,home.FIFA.rank,away.FIFA.rank
2/8/15,2015,2,8,international-friendlies-2015,International Friendlies 2015,FRA,USA,FRA-USA,,https://raw.githubusercontent.com/amj2012/wosostats/master/source/csv/international-friendlies-2015/international-friendlies-2015-fra-usa-020815.csv,https://raw.githubusercontent.com/amj2012/wosostats/master/stats/international-friendlies-2015/international-friendlies-2015-fra-usa-020815.csv,,,no,3,2
2/13/15,2015,2,13,international-friendlies-2015,International Friendlies 2015,ENG,USA,ENG-USA,,https://raw.githubusercontent.com/amj2012/wosostats/master/source/csv/international-friendlies-2015/international-friendlies-2015-eng-usa-021315.csv,https://raw.githubusercontent.com/amj2012/wosostats/master/stats/international-friendlies-2015/international-friendlies-2015-eng-usa-021315.csv,,,no,6,2
4/11/15,2015,4,11,nwsl-2015,NWSL 2015,PTFC,BOS,PTFC-BOS,,https://raw.githubusercontent.com/amj2012/wosostats/master/source/csv/nwsl-2015/nwsl-2015-ptfc-bos-041115.csv,https://raw.githubusercontent.com/amj2012/wosostats/master/stats/nwsl-2015/nwsl-2015-ptfc-bos-041115.csv,,,no,,
4/18/15,2015,4,18,nwsl-2015,NWSL 2015,PTFC,WNYF,PTFC-WNYF,,https://raw.githubusercontent.com/amj2012/wosostats/master/source/csv/nwsl-2015/nwsl-2015-ptfc-wnyf-041815.csv,https://raw.githubusercontent.com/amj2012/wosostats/master/stats/nwsl-2015/nwsl-2015-ptfc-bos-041815.csv,,,no,,
7/22/15,2015,7,22,nwsl-2015,NWSL 2015,PTFC,SRFC,PTFC-SRFC,,https://raw.githubusercontent.com/amj2012/wosostats/master/source/csv/nwsl-2015/nwsl-2015-ptfc-srfc-072215.csv,https://raw.githubusercontent.com/amj2012/wosostats/master/stats/nwsl-2015/nwsl-2015-ptfc-srfc-072215.csv,,,yes,,
9/13/15,2015,9,13,nwsl-2015,NWSL 2015,CRS,FCKC,CRS-FCKC,,https://raw.githubusercontent.com/amj2012/wosostats/master/source/csv/nwsl-2015/nwsl-2015-semifinal-crs-fckc-091315.csv,https://raw.githubusercontent.com/amj2012/wosostats/master/stats/nwsl-2015/nwsl-2015-semifinal-crs-fckc-091315.csv,semifinal,,yes,,
9/13/15,2015,9,13,nwsl-2015,NWSL 2015,SRFC,WAS,SRFC-WAS,,https://raw.githubusercontent.com/amj2012/wosostats/master/source/csv/nwsl-2015/nwsl-2015-semifinal-srfc-was-091315.csv,https://raw.githubusercontent.com/amj2012/wosostats/master/stats/nwsl-2015/nwsl-2015-semifinal-srfc-was-091315.csv,semifinal,,yes,,
10/1/15,2015,10,1,nwsl-2015,NWSL 2015,SRFC,FCKC,SRFC-FCKC,,https://raw.githubusercontent.com/amj2012/wosostats/master/source/csv/nwsl-2015/nwsl-2015-championship-srfc-fckc-100115.csv,https://raw.githubusercontent.com/amj2012/wosostats/master/stats/nwsl-2015/nwsl-2015-championship-srfc-fckc-100115.csv,final,,yes,,
1/23/16,2016,1,23,international-friendlies-2016,International Friendlies 2016,USA,IRL,USA-IRL,,https://raw.githubusercontent.com/amj2012/wosostats/master/source/csv/international-friendlies-2016/international-friendlies-2016-usa-irl-012316.csv,https://raw.githubusercontent.com/amj2012/wosostats/master/stats/international-friendlies-2016/international-friendlies-2016-usa-irl-012316.csv,,,yes,1,32
2/5/16,2016,2,5,d1-feminine-2015-2016,D1 Feminine 2015/2016,PSG,LYON,PSG-LYON,,https://raw.githubusercontent.com/amj2012/wosostats/master/source/csv/d1-feminine-2015-2016/d1-feminine-2015-2016-psg-lyon-020516.csv,https://raw.githubusercontent.com/amj2012/wosostats/master/stats/d1-feminine-2015-2016/d1-feminine-2015-2016-psg-lyon-020516.csv,,,inc,,
2/10/16,2016,2,10,2016-olympic-qualifiers-concacaf,2016 CONCACAF Olympic Qualifiers,USA,CRC,USA-CRC,,https://raw.githubusercontent.com/amj2012/wosostats/master/source/csv/2016-olympic-qualifiers-concacaf/2016-olympic-qualifiers-concacaf-usa-crc-021016.csv,https://raw.githubusercontent.com/amj2012/wosostats/master/stats/2016-olympic-qualifiers-concacaf/2016-olympic-qualifiers-concacaf-usa-crc-021016.csv,,,yes,1,34
2/13/16,2016,2,13,2016-olympic-qualifiers-concacaf,2016 CONCACAF Olympic Qualifiers,USA,MEX,USA-MEX,,https://raw.githubusercontent.com/amj2012/wosostats/master/source/csv/2016-olympic-qualifiers-concacaf/2016-olympic-qualifiers-concacaf-usa-mex-021316.csv,https://raw.githubusercontent.com/amj2012/wosostats/master/stats/2016-olympic-qualifiers-concacaf/2016-olympic-qualifiers-concacaf-usa-mex-021316.csv,,,yes,1,26
2/15/16,2016,2,15,2016-olympic-qualifiers-concacaf,2016 CONCACAF Olympic Qualifiers,USA,PUR,USA-PUR,,https://raw.githubusercontent.com/amj2012/wosostats/master/source/csv/2016-olympic-qualifiers-concacaf/2016-olympic-qualifiers-concacaf-usa-pur-021516.csv,https://raw.githubusercontent.com/amj2012/wosostats/master/stats/2016-olympic-qualifiers-concacaf/2016-olympic-qualifiers-concacaf-usa-pur-021516.csv,,,no,1,108
2/19/16,2016,2,19,2016-olympic-qualifiers-concacaf,2016 CONCACAF Olympic Qualifiers,USA,TRI,USA-TRI,,https://raw.githubusercontent.com/amj2012/wosostats/master/source/csv/2016-olympic-qualifiers-concacaf/2016-olympic-qualifiers-concacaf-usa-tri-021916.csv,https://raw.githubusercontent.com/amj2012/wosostats/master/stats/2016-olympic-qualifiers-concacaf/2016-olympic-qualifiers-concacaf-usa-tri-021916.csv,,,no,1,48
2/22/16,2016,2,21,2016-olympic-qualifiers-concacaf,2016 CONCACAF Olympic Qualifiers,USA,CAN,USA-CAN,,https://raw.githubusercontent.com/amj2012/wosostats/master/source/csv/2016-olympic-qualifiers-concacaf/2016-olympic-qualifiers-concacaf-usa-can-022116.csv,https://raw.githubusercontent.com/amj2012/wosostats/master/stats/2016-olympic-qualifiers-concacaf/2016-olympic-qualifiers-concacaf-usa-can-022116.csv,final,,yes,1,11
3/3/16,2016,3,3,shebelieves-cup-2016,SheBelieves Cup 2016,USA,ENG,USA-ENG,,https://raw.githubusercontent.com/amj2012/wosostats/master/source/csv/shebelieves-cup-2016/shebelieves-cup-2016-usa-eng-030316.csv,https://raw.githubusercontent.com/amj2012/wosostats/master/stats/shebelieves-cup-2016/shebelieves-cup-2016-usa-eng-030316.csv,,,yes,1,5
3/6/16,2016,3,6,shebelieves-cup-2016,SheBelieves Cup 2016,USA,FRA,USA-FRA,,https://raw.githubusercontent.com/amj2012/wosostats/master/source/csv/shebelieves-cup-2016/shebelieves-cup-2016-usa-fra-030616.csv,https://raw.githubusercontent.com/amj2012/wosostats/master/stats/shebelieves-cup-2016/shebelieves-cup-2016-usa-fra-030616.csv,,,yes,1,3
3/6/16,2016,3,6,shebelieves-cup-2016,SheBelieves Cup 2016,ENG,GER,ENG-GER,,https://raw.githubusercontent.com/amj2012/wosostats/master/source/csv/shebelieves-cup-2016/shebelieves-cup-2016-eng-ger-030616.csv,https://raw.githubusercontent.com/amj2012/wosostats/master/stats/shebelieves-cup-2016/shebelieves-cup-2016-eng-ger-030616.csv,,,no,5,2
3/9/16,2016,3,9,shebelieves-cup-2016,SheBelieves Cup 2016,ENG,FRA,ENG-FRA,,https://raw.githubusercontent.com/amj2012/wosostats/master/source/csv/shebelieves-cup-2016/shebelieves-cup-2016-eng-fra-030916.csv,https://raw.githubusercontent.com/amj2012/wosostats/master/stats/shebelieves-cup-2016/shebelieves-cup-2016-eng-fra-030916.csv,,,no,5,3
3/9/16,2016,3,9,shebelieves-cup-2016,SheBelieves Cup 2016,USA,GER,USA-GER,,https://raw.githubusercontent.com/amj2012/wosostats/master/source/csv/shebelieves-cup-2016/shebelieves-cup-2016-usa-ger-030916.csv,https://raw.githubusercontent.com/amj2012/wosostats/master/stats/shebelieves-cup-2016/shebelieves-cup-2016-usa-ger-030916.csv,,,yes,1,2
8/3/16,2016,8,3,2016-olympics,2016 Rio Olympics,USA,NZL,USA-NZL,,https://raw.githubusercontent.com/amj2012/wosostats/master/source/csv/2016-olympics/2016-olympics-usa-nzl-080316.csv,https://raw.githubusercontent.com/amj2012/wosostats/master/stats/2016-olympics/2016-olympics-usa-nzl-080316.csv,,,no,1,17
8/6/16,2016,8,6,2016-olympics,2016 Rio Olympics,USA,FRA,USA-FRA,,https://raw.githubusercontent.com/amj2012/wosostats/master/source/csv/2016-olympics/2016-olympics-usa-fra-080616.csv,https://raw.githubusercontent.com/amj2012/wosostats/master/stats/2016-olympics/2016-olympics-usa-fra-080616.csv,,,no,1,3
8/9/16,2016,8,9,2016-olympics,2016 Rio Olympics,USA,COL,USA-COL,,https://raw.githubusercontent.com/amj2012/wosostats/master/source/csv/2016-olympics/2016-olympics-usa-col-080916.csv,https://raw.githubusercontent.com/amj2012/wosostats/master/stats/2016-olympics/2016-olympics-usa-col-080916.csv,,,no,1,24
8/12/16,2016,8,12,2016-olympics,2016 Rio Olympics,USA,SWE,USA-SWE,,https://raw.githubusercontent.com/amj2012/wosostats/master/source/csv/2016-olympics/2016-olympics-usa-swe-081216.csv,https://raw.githubusercontent.com/amj2012/wosostats/master/stats/2016-olympics/2016-olympics-usa-swe-081216.csv,,,yes,1,6
4/6/16,2016,4,6,international-friendlies-2016,International Friendlies 2016,USA,COL,USA-COL,,https://raw.githubusercontent.com/amj2012/wosostats/master/source/csv/international-friendlies-2016/international-friendlies-2016-usa-col-040616.csv,https://raw.githubusercontent.com/amj2012/wosostats/master/stats/international-friendlies-2016/international-friendlies-2016-usa-col-040616.csv,,,yes,1,24
4/10/16,2016,4,10,international-friendlies-2016,International Friendlies 2016,USA,COL,USA-COL,,https://raw.githubusercontent.com/amj2012/wosostats/master/source/csv/international-friendlies-2016/international-friendlies-2016-usa-col-041016.csv,https://raw.githubusercontent.com/amj2012/wosostats/master/stats/international-friendlies-2016/international-friendlies-2016-usa-col-041016.csv,,,no,1,24
6/2/16,2016,6,2,international-friendlies-2016,International Friendlies 2016,USA,JPN,USA-JPN,,https://raw.githubusercontent.com/amj2012/wosostats/master/source/csv/international-friendlies-2016/international-friendlies-2016-usa-jpn-060216.csv,https://raw.githubusercontent.com/amj2012/wosostats/master/stats/international-friendlies-2016/international-friendlies-2016-usa-jpn-060216.csv,,,yes,1,7
6/5/16,2016,6,5,international-friendlies-2016,International Friendlies 2016,USA,JPN,USA-JPN,,https://raw.githubusercontent.com/amj2012/wosostats/master/source/csv/international-friendlies-2016/international-friendlies-2016-usa-jpn-060516.csv,https://raw.githubusercontent.com/amj2012/wosostats/master/stats/international-friendlies-2016/international-friendlies-2016-usa-jpn-060516.csv,,,yes,1,7
7/9/16,2016,7,9,international-friendlies-2016,International Friendlies 2016,USA,RSA,USA-RSA,,https://raw.githubusercontent.com/amj2012/wosostats/master/source/csv/international-friendlies-2016/international-friendlies-2016-usa-rsa-070916.csv,https://raw.githubusercontent.com/amj2012/wosostats/master/stats/international-friendlies-2016/international-friendlies-2016-usa-rsa-070916.csv,,,no,1,52
7/22/16,2016,7,22,international-friendlies-2016,International Friendlies 2016,USA,CRC,USA-CRC,,https://raw.githubusercontent.com/amj2012/wosostats/master/source/csv/international-friendlies-2016/international-friendlies-2016-usa-crc-072216.csv,https://raw.githubusercontent.com/amj2012/wosostats/master/stats/international-friendlies-2016/international-friendlies-2016-usa-crc-072216.csv,,,no,1,29
9/15/16,2016,9,15,international-friendlies-2016,International Friendlies 2016,USA,THA,USA-THA,,https://raw.githubusercontent.com/amj2012/wosostats/master/source/csv/international-friendlies-2016/international-friendlies-2016-usa-tha-091516.csv,https://raw.githubusercontent.com/amj2012/wosostats/master/stats/international-friendlies-2016/international-friendlies-2016-usa-tha-091516.csv,,,no,1,32
10/19/16,2016,10,19,international-friendlies-2016,International Friendlies 2016,USA,SUI,USA-SUI,,https://raw.githubusercontent.com/amj2012/wosostats/master/source/csv/international-friendlies-2016/international-friendlies-2016-usa-sui-101916.csv,https://raw.githubusercontent.com/amj2012/wosostats/master/stats/international-friendlies-2016/international-friendlies-2016-usa-sui-101916.csv,,,no,1,15
10/23/16,2016,10,23,international-friendlies-2016,International Friendlies 2016,USA,SUI,USA-SUI,,https://raw.githubusercontent.com/amj2012/wosostats/master/source/csv/international-friendlies-2016/international-friendlies-2016-usa-sui-102316.csv,https://raw.githubusercontent.com/amj2012/wosostats/master/stats/international-friendlies-2016/international-friendlies-2016-usa-sui-102316.csv,,,no,1,15
,,,,nwsl-2016,NWSL 2016,,,Season,,NA,https://raw.githubusercontent.com/amj2012/wosostats/master/stats/nwsl-2016/nwsl-2016-season.csv,,,inc,,
,,,,nwsl-2016,NWSL 2016,,,Week 1,,NA,https://raw.githubusercontent.com/amj2012/wosostats/master/stats/nwsl-2016/nwsl-2016-week-1.csv,,,yes,,
,,,,nwsl-2016,NWSL 2016,,,Week 2,,NA,https://raw.githubusercontent.com/amj2012/wosostats/master/stats/nwsl-2016/nwsl-2016-week-2.csv,,,yes,,
,,,,nwsl-2016,NWSL 2016,,,Week 3,,NA,https://raw.githubusercontent.com/amj2012/wosostats/master/stats/nwsl-2016/nwsl-2016-week-3.csv,,,yes,,
,,,,nwsl-2016,NWSL 2016,,,Week 4,,NA,https://raw.githubusercontent.com/amj2012/wosostats/master/stats/nwsl-2016/nwsl-2016-week-4.csv,,,yes,,
,,,,nwsl-2016,NWSL 2016,,,Week 5,,NA,https://raw.githubusercontent.com/amj2012/wosostats/master/stats/nwsl-2016/nwsl-2016-week-5.csv,,,yes,,
,,,,nwsl-2016,NWSL 2016,,,Week 6,,NA,https://raw.githubusercontent.com/amj2012/wosostats/master/stats/nwsl-2016/nwsl-2016-week-6.csv,,,yes,,
,,,,nwsl-2016,NWSL 2016,,,Week 7,,NA,https://raw.githubusercontent.com/amj2012/wosostats/master/stats/nwsl-2016/nwsl-2016-week-7.csv,,,no,,
,,,,nwsl-2016,NWSL 2016,,,Week 8,,NA,https://raw.githubusercontent.com/amj2012/wosostats/master/stats/nwsl-2016/nwsl-2016-week-8.csv,,,no,,
,,,,nwsl-2016,NWSL 2016,,,Week 9,,NA,https://raw.githubusercontent.com/amj2012/wosostats/master/stats/nwsl-2016/nwsl-2016-week-9.csv,,,no,,
,,,,nwsl-2016,NWSL 2016,,,Week 10,,NA,https://raw.githubusercontent.com/amj2012/wosostats/master/stats/nwsl-2016/nwsl-2016-week-10.csv,,,no,,
,,,,nwsl-2016,NWSL 2016,,,Week 11,,NA,https://raw.githubusercontent.com/amj2012/wosostats/master/stats/nwsl-2016/nwsl-2016-week-11.csv,,,no,,
,,,,nwsl-2016,NWSL 2016,,,Week 12,,NA,https://raw.githubusercontent.com/amj2012/wosostats/master/stats/nwsl-2016/nwsl-2016-week-12.csv,,,no,,
,,,,nwsl-2016,NWSL 2016,,,Week 13,,NA,https://raw.githubusercontent.com/amj2012/wosostats/master/stats/nwsl-2016/nwsl-2016-week-13.csv,,,no,,
,,,,nwsl-2016,NWSL 2016,,,Week 14,,NA,https://raw.githubusercontent.com/amj2012/wosostats/master/stats/nwsl-2016/nwsl-2016-week-14.csv,,,no,,
,,,,nwsl-2016,NWSL 2016,,,Week 15,,NA,https://raw.githubusercontent.com/amj2012/wosostats/master/stats/nwsl-2016/nwsl-2016-week-15.csv,,,no,,
,,,,nwsl-2016,NWSL 2016,,,Week 16,,NA,https://raw.githubusercontent.com/amj2012/wosostats/master/stats/nwsl-2016/nwsl-2016-week-16.csv,,,no,,
,,,,nwsl-2016,NWSL 2016,,,Week 17,,NA,https://raw.githubusercontent.com/amj2012/wosostats/master/stats/nwsl-2016/nwsl-2016-week-17.csv,,,no,,
,,,,nwsl-2016,NWSL 2016,,,Week 18,,NA,https://raw.githubusercontent.com/amj2012/wosostats/master/stats/nwsl-2016/nwsl-2016-week-18.csv,,,no,,
,,,,nwsl-2016,NWSL 2016,,,Week 19,,NA,https://raw.githubusercontent.com/amj2012/wosostats/master/stats/nwsl-2016/nwsl-2016-week-19.csv,,,no,,
,,,,nwsl-2016,NWSL 2016,,,Week 20,,NA,https://raw.githubusercontent.com/amj2012/wosostats/master/stats/nwsl-2016/nwsl-2016-week-20.csv,,,no,,
4/16/16,2016,4,16,nwsl-2016,NWSL 2016,WAS,BOS,WAS-BOS,,https://raw.githubusercontent.com/amj2012/wosostats/master/source/csv/nwsl-2016/nwsl-2016-was-bos-041616.csv,https://raw.githubusercontent.com/amj2012/wosostats/master/stats/nwsl-2016/nwsl-2016-was-bos-041616.csv,,week-1,yes,,
4/16/16,2016,4,16,nwsl-2016,NWSL 2016,HOU,CRS,HOU-CRS,,https://raw.githubusercontent.com/amj2012/wosostats/master/source/csv/nwsl-2016/nwsl-2016-hou-crs-041616.csv,https://raw.githubusercontent.com/amj2012/wosostats/master/stats/nwsl-2016/nwsl-2016-hou-crs-041616.csv,,week-1,yes,,
4/16/16,2016,4,16,nwsl-2016,NWSL 2016,FCKC,WNYF,FCKC-WNYF,,https://raw.githubusercontent.com/amj2012/wosostats/master/source/csv/nwsl-2016/nwsl-2016-fckc-wnyf-041616.csv,https://raw.githubusercontent.com/amj2012/wosostats/master/stats/nwsl-2016/nwsl-2016-fckc-wnyf-041616.csv,,week-1,yes,,
4/17/16,2016,4,17,nwsl-2016,NWSL 2016,PTFC,ORL,PTFC-ORL,,https://raw.githubusercontent.com/amj2012/wosostats/master/source/csv/nwsl-2016/nwsl-2016-ptfc-orl-041716.csv,https://raw.githubusercontent.com/amj2012/wosostats/master/stats/nwsl-2016/nwsl-2016-ptfc-orl-041716.csv,,week-1,yes,,
4/17/16,2016,4,17,nwsl-2016,NWSL 2016,SRFC,SBFC,SRFC-SBFC,,https://raw.githubusercontent.com/amj2012/wosostats/master/source/csv/nwsl-2016/nwsl-2016-srfc-sbfc-041716.csv,https://raw.githubusercontent.com/amj2012/wosostats/master/stats/nwsl-2016/nwsl-2016-srfc-sbfc-041716.csv,,week-1,yes,,
4/23/16,2016,4,23,nwsl-2016,NWSL 2016,CRS,WNYF,CRS-WNYF,,https://raw.githubusercontent.com/amj2012/wosostats/master/source/csv/nwsl-2016/nwsl-2016-crs-wnyf-042316.csv,https://raw.githubusercontent.com/amj2012/wosostats/master/stats/nwsl-2016/nwsl-2016-crs-wnyf-042316.csv,,week-2,yes,,
4/23/16,2016,4,23,nwsl-2016,NWSL 2016,FCKC,PTFC,FCKC-PTFC,,https://raw.githubusercontent.com/amj2012/wosostats/master/source/csv/nwsl-2016/nwsl-2016-fckc-ptfc-042316.csv,https://raw.githubusercontent.com/amj2012/wosostats/master/stats/nwsl-2016/nwsl-2016-fckc-ptfc-042316.csv,,week-2,yes,,
4/23/16,2016,4,23,nwsl-2016,NWSL 2016,ORL,HOU,ORL-HOU,,https://raw.githubusercontent.com/amj2012/wosostats/master/source/csv/nwsl-2016/nwsl-2016-orl-hou-042316.csv,https://raw.githubusercontent.com/amj2012/wosostats/master/stats/nwsl-2016/nwsl-2016-orl-hou-042316.csv,,week-2,yes,,
4/24/16,2016,4,24,nwsl-2016,NWSL 2016,SBFC,WAS,SBFC-WAS,,https://raw.githubusercontent.com/amj2012/wosostats/master/source/csv/nwsl-2016/nwsl-2016-sbfc-was-042416.csv,https://raw.githubusercontent.com/amj2012/wosostats/master/stats/nwsl-2016/nwsl-2016-sbfc-was-042416.csv,,week-2,yes,,
4/24/16,2016,4,24,nwsl-2016,NWSL 2016,BOS,SRFC,BOS-SRFC,,https://raw.githubusercontent.com/amj2012/wosostats/master/source/csv/nwsl-2016/nwsl-2016-bos-srfc-042416.csv,https://raw.githubusercontent.com/amj2012/wosostats/master/stats/nwsl-2016/nwsl-2016-bos-srfc-042416.csv,,week-2,yes,,
4/29/16,2016,4,29,nwsl-2016,NWSL 2016,HOU,SBFC,HOU-SBFC,,https://raw.githubusercontent.com/amj2012/wosostats/master/source/csv/nwsl-2016/nwsl-2016-hou-sbfc-042916.csv,https://raw.githubusercontent.com/amj2012/wosostats/master/stats/nwsl-2016/nwsl-2016-hou-sbfc-042916.csv,,week-3,yes,,
4/29/16,2016,4,29,nwsl-2016,NWSL 2016,WNYF,WAS,WNYF-WAS,,https://raw.githubusercontent.com/amj2012/wosostats/master/source/csv/nwsl-2016/nwsl-2016-wnyf-was-042916.csv,https://raw.githubusercontent.com/amj2012/wosostats/master/stats/nwsl-2016/nwsl-2016-wnyf-was-042916.csv,,week-3,yes,,
5/1/16,2016,5,1,nwsl-2016,NWSL 2016,BOS,PTFC,BOS-PTFC,,https://raw.githubusercontent.com/amj2012/wosostats/master/source/csv/nwsl-2016/nwsl-2016-bos-ptfc-050116.csv,https://raw.githubusercontent.com/amj2012/wosostats/master/stats/nwsl-2016/nwsl-2016-bos-ptfc-050116.csv,,week-3,yes,,
5/1/16,2016,5,1,nwsl-2016,NWSL 2016,CRS,ORL,CRS-ORL,,https://raw.githubusercontent.com/amj2012/wosostats/master/source/csv/nwsl-2016/nwsl-2016-crs-orl-050116.csv,https://raw.githubusercontent.com/amj2012/wosostats/master/stats/nwsl-2016/nwsl-2016-crs-orl-050116.csv,,week-3,yes,,
5/1/16,2016,5,1,nwsl-2016,NWSL 2016,SRFC,FCKC,SRFC-FCKC,,https://raw.githubusercontent.com/amj2012/wosostats/master/source/csv/nwsl-2016/nwsl-2016-srfc-fckc-050116.csv,https://raw.githubusercontent.com/amj2012/wosostats/master/stats/nwsl-2016/nwsl-2016-srfc-fckc-050116.csv,,week-3,yes,,
5/7/16,2016,5,7,nwsl-2016,NWSL 2016,BOS,CRS,BOS-CRS,,https://raw.githubusercontent.com/amj2012/wosostats/master/source/csv/nwsl-2016/nwsl-2016-bos-crs-050716.csv,https://raw.githubusercontent.com/amj2012/wosostats/master/stats/nwsl-2016/nwsl-2016-bos-crs-050716.csv,,week-4,yes,,
5/7/16,2016,5,7,nwsl-2016,NWSL 2016,WAS,PTFC,WAS-PTFC,,https://raw.githubusercontent.com/amj2012/wosostats/master/source/csv/nwsl-2016/nwsl-2016-was-ptfc-050716.csv,https://raw.githubusercontent.com/amj2012/wosostats/master/stats/nwsl-2016/nwsl-2016-was-ptfc-050716.csv,,week-4,yes,,
5/7/16,2016,5,7,nwsl-2016,NWSL 2016,SBFC,WNYF,SBFC-WNYF,,https://raw.githubusercontent.com/amj2012/wosostats/master/source/csv/nwsl-2016/nwsl-2016-sbfc-wnyf-050716.csv,https://raw.githubusercontent.com/amj2012/wosostats/master/stats/nwsl-2016/nwsl-2016-sbfc-wnyf-050716.csv,,week-4,yes,,
5/7/16,2016,5,7,nwsl-2016,NWSL 2016,FCKC,HOU,FCKC-HOU,,https://raw.githubusercontent.com/amj2012/wosostats/master/source/csv/nwsl-2016/nwsl-2016-fckc-hou-050716.csv,https://raw.githubusercontent.com/amj2012/wosostats/master/stats/nwsl-2016/nwsl-2016-fckc-hou-050716.csv,,week-4,yes,,
5/8/16,2016,5,8,nwsl-2016,NWSL 2016,ORL,SRFC,ORL-SRFC,,https://raw.githubusercontent.com/amj2012/wosostats/master/source/csv/nwsl-2016/nwsl-2016-orl-srfc-050816.csv,https://raw.githubusercontent.com/amj2012/wosostats/master/stats/nwsl-2016/nwsl-2016-orl-srfc-050816.csv,,week-4,yes,,
5/13/16,2016,5,13,nwsl-2016,NWSL 2016,SBFC,BOS,SBFC-BOS,,https://raw.githubusercontent.com/amj2012/wosostats/master/source/csv/nwsl-2016/nwsl-2016-sbfc-bos-051316.csv,https://raw.githubusercontent.com/amj2012/wosostats/master/stats/nwsl-2016/nwsl-2016-sbfc-bos-051316.csv,,week-5,yes,,
5/13/16,2016,5,13,nwsl-2016,NWSL 2016,FCKC,CRS,FCKC-CRS,,https://raw.githubusercontent.com/amj2012/wosostats/master/source/csv/nwsl-2016/nwsl-2016-fckc-crs-051316.csv,https://raw.githubusercontent.com/amj2012/wosostats/master/stats/nwsl-2016/nwsl-2016-fckc-crs-051316.csv,,week-5,yes,,
5/14/16,2016,5,14,nwsl-2016,NWSL 2016,SRFC,PTFC,SRFC-PTFC,,https://raw.githubusercontent.com/amj2012/wosostats/master/source/csv/nwsl-2016/nwsl-2016-srfc-ptfc-051416.csv,https://raw.githubusercontent.com/amj2012/wosostats/master/stats/nwsl-2016/nwsl-2016-srfc-ptfc-051416.csv,,week-5,yes,,
5/14/16,2016,5,14,nwsl-2016,NWSL 2016,WAS,HOU,WAS-HOU,,https://raw.githubusercontent.com/amj2012/wosostats/master/source/csv/nwsl-2016/nwsl-2016-was-hou-051416.csv,https://raw.githubusercontent.com/amj2012/wosostats/master/stats/nwsl-2016/nwsl-2016-was-hou-051416.csv,,week-5,yes,,
5/14/16,2016,5,14,nwsl-2016,NWSL 2016,ORL,WNYF,ORL-WNYF,,https://raw.githubusercontent.com/amj2012/wosostats/master/source/csv/nwsl-2016/nwsl-2016-orl-wnyf-051416.csv,https://raw.githubusercontent.com/amj2012/wosostats/master/stats/nwsl-2016/nwsl-2016-orl-wnyf-051416.csv,,week-5,yes,,
5/20/16,2016,5,20,nwsl-2016,NWSL 2016,HOU,ORL,HOU-ORL,,https://raw.githubusercontent.com/amj2012/wosostats/master/source/csv/nwsl-2016/nwsl-2016-hou-orl-052016.csv,https://raw.githubusercontent.com/amj2012/wosostats/master/stats/nwsl-2016/nwsl-2016-hou-orl-052016.csv,,week-6,yes,,
5/21/16,2016,5,21,nwsl-2016,NWSL 2016,WNYF,SBFC,WNYF-SBFC,,https://raw.githubusercontent.com/amj2012/wosostats/master/source/csv/nwsl-2016/nwsl-2016-wnyf-sbfc-052116.csv,https://raw.githubusercontent.com/amj2012/wosostats/master/stats/nwsl-2016/nwsl-2016-wnyf-sbfc-052116.csv,,week-6,yes,,
5/21/16,2016,5,21,nwsl-2016,NWSL 2016,PTFC,WAS,PTFC-WAS,,https://raw.githubusercontent.com/amj2012/wosostats/master/source/csv/nwsl-2016/nwsl-2016-ptfc-was-052116.csv,https://raw.githubusercontent.com/amj2012/wosostats/master/stats/nwsl-2016/nwsl-2016-ptfc-was-052116.csv,,week-6,yes,,
5/22/16,2016,5,22,nwsl-2016,NWSL 2016,SRFC,CRS,SRFC-CRS,,https://raw.githubusercontent.com/amj2012/wosostats/master/source/csv/nwsl-2016/nwsl-2016-srfc-crs-052216.csv,https://raw.githubusercontent.com/amj2012/wosostats/master/stats/nwsl-2016/nwsl-2016-srfc-crs-052216.csv,,week-6,yes,,
5/22/16,2016,5,22,nwsl-2016,NWSL 2016,BOS,FCKC,BOS-FCKC,,https://raw.githubusercontent.com/amj2012/wosostats/master/source/csv/nwsl-2016/nwsl-2016-bos-fckc-052216.csv,https://raw.githubusercontent.com/amj2012/wosostats/master/stats/nwsl-2016/nwsl-2016-bos-fckc-052216.csv,,week-6,yes,,
5/27/16,2016,5,27,nwsl-2016,NWSL 2016,WNYF,BOS,WNYF-BOS,,https://raw.githubusercontent.com/amj2012/wosostats/master/source/csv/nwsl-2016/nwsl-2016-wnyf-bos-052716.csv,https://raw.githubusercontent.com/amj2012/wosostats/master/stats/nwsl-2016/nwsl-2016-wnyf-bos-052716.csv,,week-7,no,,
5/28/16,2016,5,28,nwsl-2016,NWSL 2016,FCKC,ORL,FCKC-ORL,,https://raw.githubusercontent.com/amj2012/wosostats/master/source/csv/nwsl-2016/nwsl-2016-fckc-orl-052816.csv,https://raw.githubusercontent.com/amj2012/wosostats/master/stats/nwsl-2016/nwsl-2016-fckc-orl-052816.csv,,week-7,yes,,
5/29/16,2016,5,29,nwsl-2016,NWSL 2016,CRS,SBFC,CRS-SBFC,,https://raw.githubusercontent.com/amj2012/wosostats/master/source/csv/nwsl-2016/nwsl-2016-crs-sbfc-052916.csv,https://raw.githubusercontent.com/amj2012/wosostats/master/stats/nwsl-2016/nwsl-2016-crs-sbfc-052916.csv,,week-7,yes,,
5/29/16,2016,5,29,nwsl-2016,NWSL 2016,PTFC,SRFC,PTFC-SRFC,,https://raw.githubusercontent.com/amj2012/wosostats/master/source/csv/nwsl-2016/nwsl-2016-ptfc-srfc-052916.csv,https://raw.githubusercontent.com/amj2012/wosostats/master/stats/nwsl-2016/nwsl-2016-ptfc-srfc-052916.csv,,week-7,yes,,
6/10/16,2016,6,10,nwsl-2016,NWSL 2016,BOS,WAS,BOS-WAS,,https://raw.githubusercontent.com/amj2012/wosostats/master/source/csv/nwsl-2016/nwsl-2016-bos-was-061016.csv,https://raw.githubusercontent.com/amj2012/wosostats/master/stats/nwsl-2016/nwsl-2016-bos-was-061016.csv,,week-8,no,,
6/11/16,2016,6,11,nwsl-2016,NWSL 2016,SBFC,FCKC,SBFC-FCKC,,https://raw.githubusercontent.com/amj2012/wosostats/master/source/csv/nwsl-2016/nwsl-2016-sbfc-fckc-061116.csv,https://raw.githubusercontent.com/amj2012/wosostats/master/stats/nwsl-2016/nwsl-2016-sbfc-fckc-061116.csv,,week-8,no,,
6/11/16,2016,6,11,nwsl-2016,NWSL 2016,WNYF,ORL,WNYF-ORL,,https://raw.githubusercontent.com/amj2012/wosostats/master/source/csv/nwsl-2016/nwsl-2016-wnyf-orl-061116.csv,https://raw.githubusercontent.com/amj2012/wosostats/master/stats/nwsl-2016/nwsl-2016-wnyf-orl-061116.csv,,week-8,no,,
6/12/16,2016,6,12,nwsl-2016,NWSL 2016,CRS,PTFC,CRS-PTFC,,https://raw.githubusercontent.com/amj2012/wosostats/master/source/csv/nwsl-2016/nwsl-2016-crs-ptfc-061216.csv,https://raw.githubusercontent.com/amj2012/wosostats/master/stats/nwsl-2016/nwsl-2016-crs-ptfc-061216.csv,,week-8,yes,,
6/12/16,2016,6,12,nwsl-2016,NWSL 2016,SRFC,HOU,SRFC-HOU,,https://raw.githubusercontent.com/amj2012/wosostats/master/source/csv/nwsl-2016/nwsl-2016-srfc-hou-061216.csv,https://raw.githubusercontent.com/amj2012/wosostats/master/stats/nwsl-2016/nwsl-2016-srfc-hou-061216.csv,,week-8,yes,,
6/17/16,2016,6,17,nwsl-2016,NWSL 2016,WNYF,PTFC,WNYF-PTFC,,https://raw.githubusercontent.com/amj2012/wosostats/master/source/csv/nwsl-2016/nwsl-2016-wnyf-ptfc-061716.csv,https://raw.githubusercontent.com/amj2012/wosostats/master/stats/nwsl-2016/nwsl-2016-wnyf-ptfc-061716.csv,,week-9,no,,
6/18/16,2016,6,18,nwsl-2016,NWSL 2016,CRS,BOS,CRS-BOS,,https://raw.githubusercontent.com/amj2012/wosostats/master/source/csv/nwsl-2016/nwsl-2016-crs-bos-061816.csv,https://raw.githubusercontent.com/amj2012/wosostats/master/stats/nwsl-2016/nwsl-2016-crs-bos-061816.csv,,week-9,yes,,
6/18/16,2016,6,18,nwsl-2016,NWSL 2016,WAS,ORL,WAS-ORL,,https://raw.githubusercontent.com/amj2012/wosostats/master/source/csv/nwsl-2016/nwsl-2016-was-orl-061816.csv,https://raw.githubusercontent.com/amj2012/wosostats/master/stats/nwsl-2016/nwsl-2016-was-orl-061816.csv,,week-9,no,,
6/19/16,2016,6,19,nwsl-2016,NWSL 2016,SBFC,SRFC,SBFC-SRFC,,https://raw.githubusercontent.com/amj2012/wosostats/master/source/csv/nwsl-2016/nwsl-2016-sbfc-srfc-061916.csv,https://raw.githubusercontent.com/amj2012/wosostats/master/stats/nwsl-2016/nwsl-2016-sbfc-srfc-061916.csv,,week-9,no,,
6/19/16,2016,6,19,nwsl-2016,NWSL 2016,HOU,FCKC,HOU-FCKC,,https://raw.githubusercontent.com/amj2012/wosostats/master/source/csv/nwsl-2016/nwsl-2016-hou-fckc-061916.csv,https://raw.githubusercontent.com/amj2012/wosostats/master/stats/nwsl-2016/nwsl-2016-hou-fckc-061916.csv,,week-9,no,,
6/22/16,2016,6,22,nwsl-2016,NWSL 2016,PTFC,CRS,PTFC-CRS,,https://raw.githubusercontent.com/amj2012/wosostats/master/source/csv/nwsl-2016/nwsl-2016-ptfc-crs-062216.csv,https://raw.githubusercontent.com/amj2012/wosostats/master/stats/nwsl-2016/nwsl-2016-ptfc-crs-062216.csv,,week-10,yes,,
6/23/16,2016,6,23,nwsl-2016,NWSL 2016,ORL,HOU,ORL-HOU,,https://raw.githubusercontent.com/amj2012/wosostats/master/source/csv/nwsl-2016/nwsl-2016-orl-hou-062316.csv,https://raw.githubusercontent.com/amj2012/wosostats/master/stats/nwsl-2016/nwsl-2016-orl-hou-062316.csv,,week-10,yes,,
6/24/16,2016,6,24,nwsl-2016,NWSL 2016,WNYF,BOS,WNYF-BOS,,https://raw.githubusercontent.com/amj2012/wosostats/master/source/csv/nwsl-2016/nwsl-2016-wnyf-bos-062416.csv,https://raw.githubusercontent.com/amj2012/wosostats/master/stats/nwsl-2016/nwsl-2016-wnyf-bos-062416.csv,,week-10,no,,
6/25/16,2016,6,25,nwsl-2016,NWSL 2016,WAS,SBFC,WAS-SBFC,,https://raw.githubusercontent.com/amj2012/wosostats/master/source/csv/nwsl-2016/nwsl-2016-was-sbfc-062516.csv,https://raw.githubusercontent.com/amj2012/wosostats/master/stats/nwsl-2016/nwsl-2016-was-sbfc-062516.csv,,week-10,no,,
6/25/16,2016,6,25,nwsl-2016,NWSL 2016,FCKC,SRFC,FCKC-SRFC,,https://raw.githubusercontent.com/amj2012/wosostats/master/source/csv/nwsl-2016/nwsl-2016-fckc-srfc-062516.csv,https://raw.githubusercontent.com/amj2012/wosostats/master/stats/nwsl-2016/nwsl-2016-fckc-srfc-062516.csv,,week-10,no,,
6/26/16,2016,6,26,nwsl-2016,NWSL 2016,ORL,PTFC,ORL-PTFC,,https://raw.githubusercontent.com/amj2012/wosostats/master/source/csv/nwsl-2016/nwsl-2016-orl-ptfc-062616.csv,https://raw.githubusercontent.com/amj2012/wosostats/master/stats/nwsl-2016/nwsl-2016-orl-ptfc-062616.csv,,week-10,yes,,
7/1/16,2016,7,1,nwsl-2016,NWSL 2016,WNYF,CRS,WNYF-CRS,,https://raw.githubusercontent.com/amj2012/wosostats/master/source/csv/nwsl-2016/nwsl-2016-wnyf-crs-070116.csv,https://raw.githubusercontent.com/amj2012/wosostats/master/stats/nwsl-2016/nwsl-2016-wnyf-crs-070116.csv,,week-11,no,,
7/2/16,2016,7,2,nwsl-2016,NWSL 2016,WAS,FCKC,WAS-FCKC,,https://raw.githubusercontent.com/amj2012/wosostats/master/source/csv/nwsl-2016/nwsl-2016-was-fckc-070216.csv,https://raw.githubusercontent.com/amj2012/wosostats/master/stats/nwsl-2016/nwsl-2016-was-fckc-070216.csv,,week-11,no,,
7/2/16,2016,7,2,nwsl-2016,NWSL 2016,PTFC,SBFC,PTFC-SBFC,,https://raw.githubusercontent.com/amj2012/wosostats/master/source/csv/nwsl-2016/nwsl-2016-ptfc-sbfc-070216.csv,https://raw.githubusercontent.com/amj2012/wosostats/master/stats/nwsl-2016/nwsl-2016-ptfc-sbfc-070216.csv,,week-11,no,,
7/2/16,2016,7,2,nwsl-2016,NWSL 2016,SRFC,BOS,SRFC-BOS,,https://raw.githubusercontent.com/amj2012/wosostats/master/source/csv/nwsl-2016/nwsl-2016-srfc-bos-070216.csv,https://raw.githubusercontent.com/amj2012/wosostats/master/stats/nwsl-2016/nwsl-2016-srfc-bos-070216.csv,,week-11,no,,
7/9/16,2016,7,9,nwsl-2016,NWSL 2016,PTFC,FCKC,PTFC-FCKC,,https://raw.githubusercontent.com/amj2012/wosostats/master/source/csv/nwsl-2016/nwsl-2016-ptfc-fckc-070916.csv,https://raw.githubusercontent.com/amj2012/wosostats/master/stats/nwsl-2016/nwsl-2016-ptfc-fckc-070916.csv,,week-12,no,,
7/9/16,2016,7,9,nwsl-2016,NWSL 2016,WAS,CRS,WAS-CRS,,https://raw.githubusercontent.com/amj2012/wosostats/master/source/csv/nwsl-2016/nwsl-2016-was-crs-070916.csv,https://raw.githubusercontent.com/amj2012/wosostats/master/stats/nwsl-2016/nwsl-2016-was-crs-070916.csv,,week-12,yes,,
7/9/16,2016,7,9,nwsl-2016,NWSL 2016,SBFC,HOU,SBFC-HOU,,https://raw.githubusercontent.com/amj2012/wosostats/master/source/csv/nwsl-2016/nwsl-2016-sbfc-hou-070916.csv,https://raw.githubusercontent.com/amj2012/wosostats/master/stats/nwsl-2016/nwsl-2016-sbfc-hou-070916.csv,,week-12,no,,
7/9/16,2016,7,9,nwsl-2016,NWSL 2016,WNYF,SRFC,WNYF-SRFC,,https://raw.githubusercontent.com/amj2012/wosostats/master/source/csv/nwsl-2016/nwsl-2016-wnyf-srfc-070916.csv,https://raw.githubusercontent.com/amj2012/wosostats/master/stats/nwsl-2016/nwsl-2016-wnyf-srfc-070916.csv,,week-12,no,,
7/10/16,2016,7,10,nwsl-2016,NWSL 2016,ORL,BOS,ORL-BOS,,https://raw.githubusercontent.com/amj2012/wosostats/master/source/csv/nwsl-2016/nwsl-2016-orl-bos-071016.csv,https://raw.githubusercontent.com/amj2012/wosostats/master/stats/nwsl-2016/nwsl-2016-orl-bos-071016.csv,,week-12,no,,
7/16/16,2016,7,16,nwsl-2016,NWSL 2016,ORL,CRS,ORL-CRS,,https://raw.githubusercontent.com/amj2012/wosostats/master/source/csv/nwsl-2016/nwsl-2016-orl-crs-071616.csv,https://raw.githubusercontent.com/amj2012/wosostats/master/stats/nwsl-2016/nwsl-2016-orl-crs-071616.csv,,week-13,no,,
7/16/16,2016,7,16,nwsl-2016,NWSL 2016,HOU,PTFC,HOU-PTFC,,https://raw.githubusercontent.com/amj2012/wosostats/master/source/csv/nwsl-2016/nwsl-2016-hou-ptfc-071616.csv,https://raw.githubusercontent.com/amj2012/wosostats/master/stats/nwsl-2016/nwsl-2016-hou-ptfc-071616.csv,,week-13,no,,
7/16/16,2016,7,16,nwsl-2016,NWSL 2016,FCKC,WAS,FCKC-WAS,,https://raw.githubusercontent.com/amj2012/wosostats/master/source/csv/nwsl-2016/nwsl-2016-fckc-was-071616.csv,https://raw.githubusercontent.com/amj2012/wosostats/master/stats/nwsl-2016/nwsl-2016-fckc-was-071616.csv,,week-13,no,,
7/16/16,2016,7,16,nwsl-2016,NWSL 2016,SRFC,WNYF,SRFC-WNYF,,https://raw.githubusercontent.com/amj2012/wosostats/master/source/csv/nwsl-2016/nwsl-2016-srfc-wnyf-071616.csv,https://raw.githubusercontent.com/amj2012/wosostats/master/stats/nwsl-2016/nwsl-2016-srfc-wnyf-071616.csv,,week-13,no,,
7/17/16,2016,7,17,nwsl-2016,NWSL 2016,BOS,SBFC,BOS-SBFC,,https://raw.githubusercontent.com/amj2012/wosostats/master/source/csv/nwsl-2016/nwsl-2016-bos-sbfc-071716.csv,https://raw.githubusercontent.com/amj2012/wosostats/master/stats/nwsl-2016/nwsl-2016-bos-sbfc-071716.csv,,week-13,no,,
7/23/16,2016,7,23,nwsl-2016,NWSL 2016,SBFC,WAS,SBFC-WAS,,https://raw.githubusercontent.com/amj2012/wosostats/master/source/csv/nwsl-2016/nwsl-2016-sbfc-was-072316.csv,https://raw.githubusercontent.com/amj2012/wosostats/master/stats/nwsl-2016/nwsl-2016-sbfc-was-072316.csv,,week-14,no,,
7/23/16,2016,7,23,nwsl-2016,NWSL 2016,CRS,HOU,CRS-HOU,,https://raw.githubusercontent.com/amj2012/wosostats/master/source/csv/nwsl-2016/nwsl-2016-crs-hou-072316.csv,https://raw.githubusercontent.com/amj2012/wosostats/master/stats/nwsl-2016/nwsl-2016-crs-hou-072316.csv,,week-14,yes,,
7/23/16,2016,7,23,nwsl-2016,NWSL 2016,WNYF,FCKC,WNYF-FCKC,,https://raw.githubusercontent.com/amj2012/wosostats/master/source/csv/nwsl-2016/nwsl-2016-wnyf-fckc-072316.csv,https://raw.githubusercontent.com/amj2012/wosostats/master/stats/nwsl-2016/nwsl-2016-wnyf-fckc-072316.csv,,week-14,no,,
7/23/16,2016,7,23,nwsl-2016,NWSL 2016,SRFC,ORL,SRFC-ORL,,https://raw.githubusercontent.com/amj2012/wosostats/master/source/csv/nwsl-2016/nwsl-2016-srfc-orl-072316.csv,https://raw.githubusercontent.com/amj2012/wosostats/master/stats/nwsl-2016/nwsl-2016-srfc-orl-072316.csv,,week-14,no,,
7/30/16,2016,7,30,nwsl-2016,NWSL 2016,PTFC,SRFC,PTFC-SRFC,,https://raw.githubusercontent.com/amj2012/wosostats/master/source/csv/nwsl-2016/nwsl-2016-ptfc-srfc-073016.csv,https://raw.githubusercontent.com/amj2012/wosostats/master/stats/nwsl-2016/nwsl-2016-ptfc-srfc-073016.csv,,week-15,no,,
7/30/16,2016,7,30,nwsl-2016,NWSL 2016,CRS,FCKC,CRS-FCKC,,https://raw.githubusercontent.com/amj2012/wosostats/master/source/csv/nwsl-2016/nwsl-2016-crs-fckc-073016.csv,https://raw.githubusercontent.com/amj2012/wosostats/master/stats/nwsl-2016/nwsl-2016-crs-fckc-073016.csv,,week-15,no,,
7/30/16,2016,7,30,nwsl-2016,NWSL 2016,HOU,WNYF,HOU-WNYF,,https://raw.githubusercontent.com/amj2012/wosostats/master/source/csv/nwsl-2016/nwsl-2016-hou-wnyf-073016.csv,https://raw.githubusercontent.com/amj2012/wosostats/master/stats/nwsl-2016/nwsl-2016-hou-wnyf-073016.csv,,week-15,no,,
7/31/16,2016,7,31,nwsl-2016,NWSL 2016,BOS,ORL,BOS-ORL,,https://raw.githubusercontent.com/amj2012/wosostats/master/source/csv/nwsl-2016/nwsl-2016-bos-orl-073116.csv,https://raw.githubusercontent.com/amj2012/wosostats/master/stats/nwsl-2016/nwsl-2016-bos-orl-073116.csv,,week-15,no,,
7/31/16,2016,7,31,nwsl-2016,NWSL 2016,WAS,SBFC,WAS-SBFC,,https://raw.githubusercontent.com/amj2012/wosostats/master/source/csv/nwsl-2016/nwsl-2016-was-sbfc-073116.csv,https://raw.githubusercontent.com/amj2012/wosostats/master/stats/nwsl-2016/nwsl-2016-was-sbfc-073116.csv,,week-15,no,,
8/18/16,2016,8,18,nwsl-2016,NWSL 2016,HOU,WAS,HOU-WAS,,https://raw.githubusercontent.com/amj2012/wosostats/master/source/csv/nwsl-2016/nwsl-2016-hou-was-081816.csv,https://raw.githubusercontent.com/amj2012/wosostats/master/stats/nwsl-2016/nwsl-2016-hou-was-081816.csv,,week-16,no,,
8/26/16,2016,8,26,nwsl-2016,NWSL 2016,ORL,WAS,ORL-WAS,,https://raw.githubusercontent.com/amj2012/wosostats/master/source/csv/nwsl-2016/nwsl-2016-orl-was-082616.csv,https://raw.githubusercontent.com/amj2012/wosostats/master/stats/nwsl-2016/nwsl-2016-orl-was-082616.csv,,week-16,no,,
8/27/16,2016,8,27,nwsl-2016,NWSL 2016,SRFC,PTFC,SRFC-PTFC,,https://raw.githubusercontent.com/amj2012/wosostats/master/source/csv/nwsl-2016/nwsl-2016-srfc-ptfc-082716.csv,https://raw.githubusercontent.com/amj2012/wosostats/master/stats/nwsl-2016/nwsl-2016-srfc-ptfc-082716.csv,,week-16,no,,
8/27/16,2016,8,27,nwsl-2016,NWSL 2016,WNYF,HOU,WNYF-HOU,,https://raw.githubusercontent.com/amj2012/wosostats/master/source/csv/nwsl-2016/nwsl-2016-wnyf-hou-082716.csv,https://raw.githubusercontent.com/amj2012/wosostats/master/stats/nwsl-2016/nwsl-2016-wnyf-hou-082716.csv,,week-16,no,,
8/27/16,2016,8,27,nwsl-2016,NWSL 2016,SBFC,CRS,SBFC-CRS,,https://raw.githubusercontent.com/amj2012/wosostats/master/source/csv/nwsl-2016/nwsl-2016-sbfc-crs-082716.csv,https://raw.githubusercontent.com/amj2012/wosostats/master/stats/nwsl-2016/nwsl-2016-sbfc-crs-082716.csv,,week-16,no,,
8/28/16,2016,8,28,nwsl-2016,NWSL 2016,FCKC,BOS,FCKC-BOS,,https://raw.githubusercontent.com/amj2012/wosostats/master/source/csv/nwsl-2016/nwsl-2016-fckc-bos-082816.csv,https://raw.githubusercontent.com/amj2012/wosostats/master/stats/nwsl-2016/nwsl-2016-fckc-bos-082816.csv,,week-16,no,,
8/31/16,2016,8,31,nwsl-2016,NWSL 2016,BOS,HOU,BOS-HOU,,https://raw.githubusercontent.com/amj2012/wosostats/master/source/csv/nwsl-2016/nwsl-2016-bos-hou-083116.csv,https://raw.githubusercontent.com/amj2012/wosostats/master/stats/nwsl-2016/nwsl-2016-bos-hou-083116.csv,,week-17,no,,
9/3/16,2016,9,3,nwsl-2016,NWSL 2016,HOU,ORL,HOU-ORL,,https://raw.githubusercontent.com/amj2012/wosostats/master/source/csv/nwsl-2016/nwsl-2016-hou-orl-090316.csv,https://raw.githubusercontent.com/amj2012/wosostats/master/stats/nwsl-2016/nwsl-2016-hou-orl-090316.csv,,week-17,no,,
9/3/16,2016,9,3,nwsl-2016,NWSL 2016,WAS,WNYF,WAS-WNYF,,https://raw.githubusercontent.com/amj2012/wosostats/master/source/csv/nwsl-2016/nwsl-2016-was-wnyf-090316.csv,https://raw.githubusercontent.com/amj2012/wosostats/master/stats/nwsl-2016/nwsl-2016-was-wnyf-090316.csv,,week-17,no,,
9/4/16,2016,9,4,nwsl-2016,NWSL 2016,PTFC,BOS,PTFC-BOS,,https://raw.githubusercontent.com/amj2012/wosostats/master/source/csv/nwsl-2016/nwsl-2016-ptfc-bos-090416.csv,https://raw.githubusercontent.com/amj2012/wosostats/master/stats/nwsl-2016/nwsl-2016-ptfc-bos-090416.csv,,week-17,no,,
9/4/16,2016,9,4,nwsl-2016,NWSL 2016,CRS,SRFC,CRS-SRFC,,https://raw.githubusercontent.com/amj2012/wosostats/master/source/csv/nwsl-2016/nwsl-2016-crs-srfc-090416.csv,https://raw.githubusercontent.com/amj2012/wosostats/master/stats/nwsl-2016/nwsl-2016-crs-srfc-090416.csv,,week-17,no,,
9/4/16,2016,9,4,nwsl-2016,NWSL 2016,FCKC,SBFC,FCKC-SBFC,,https://raw.githubusercontent.com/amj2012/wosostats/master/source/csv/nwsl-2016/nwsl-2016-fckc-sbfc-090416.csv,https://raw.githubusercontent.com/amj2012/wosostats/master/stats/nwsl-2016/nwsl-2016-fckc-sbfc-090416.csv,,week-17,no,,
9/7/16,2016,9,7,nwsl-2016,NWSL 2016,PTFC,HOU,PTFC-HOU,,https://raw.githubusercontent.com/amj2012/wosostats/master/source/csv/nwsl-2016/nwsl-2016-ptfc-hou-090716.csv,https://raw.githubusercontent.com/amj2012/wosostats/master/stats/nwsl-2016/nwsl-2016-ptfc-hou-090716.csv,,week-18,no,,
9/7/16,2016,9,7,nwsl-2016,NWSL 2016,WAS,SRFC,WAS-SRFC,,https://raw.githubusercontent.com/amj2012/wosostats/master/source/csv/nwsl-2016/nwsl-2016-was-srfc-090716.csv,https://raw.githubusercontent.com/amj2012/wosostats/master/stats/nwsl-2016/nwsl-2016-was-srfc-090716.csv,,week-18,no,,
9/7/16,2016,9,7,nwsl-2016,NWSL 2016,BOS,WNYF,BOS-WNYF,,https://raw.githubusercontent.com/amj2012/wosostats/master/source/csv/nwsl-2016/nwsl-2016-bos-wnyf-090716.csv,https://raw.githubusercontent.com/amj2012/wosostats/master/stats/nwsl-2016/nwsl-2016-bos-wnyf-090716.csv,,week-18,no,,
9/7/16,2016,9,7,nwsl-2016,NWSL 2016,CRS,FCKC,CRS-FCKC,,https://raw.githubusercontent.com/amj2012/wosostats/master/source/csv/nwsl-2016/nwsl-2016-crs-fckc-090716.csv,https://raw.githubusercontent.com/amj2012/wosostats/master/stats/nwsl-2016/nwsl-2016-crs-fckc-090716.csv,,week-18,no,,
9/7/16,2016,9,7,nwsl-2016,NWSL 2016,SBFC,ORL,SBFC-ORL,,https://raw.githubusercontent.com/amj2012/wosostats/master/source/csv/nwsl-2016/nwsl-2016-sbfc-orl-090716.csv,https://raw.githubusercontent.com/amj2012/wosostats/master/stats/nwsl-2016/nwsl-2016-sbfc-orl-090716.csv,,week-18,no,,
9/10/16,2016,9,10,nwsl-2016,NWSL 2016,ORL,SBFC,ORL-SBFC,,https://raw.githubusercontent.com/amj2012/wosostats/master/source/csv/nwsl-2016/nwsl-2016-orl-sbfc-091016.csv,https://raw.githubusercontent.com/amj2012/wosostats/master/stats/nwsl-2016/nwsl-2016-orl-sbfc-091016.csv,,week-19,no,,
9/11/16,2016,9,11,nwsl-2016,NWSL 2016,PTFC,WNYF,PTFC-WNYF,,https://raw.githubusercontent.com/amj2012/wosostats/master/source/csv/nwsl-2016/nwsl-2016-ptfc-wnyf-091116.csv,https://raw.githubusercontent.com/amj2012/wosostats/master/stats/nwsl-2016/nwsl-2016-ptfc-wnyf-091116.csv,,week-19,no,,
9/11/16,2016,9,11,nwsl-2016,NWSL 2016,HOU,BOS,HOU-BOS,,https://raw.githubusercontent.com/amj2012/wosostats/master/source/csv/nwsl-2016/nwsl-2016-hou-bos-091116.csv,https://raw.githubusercontent.com/amj2012/wosostats/master/stats/nwsl-2016/nwsl-2016-hou-bos-091116.csv,,week-19,no,,
9/11/16,2016,9,11,nwsl-2016,NWSL 2016,FCKC,CRS,FCKC-CRS,,https://raw.githubusercontent.com/amj2012/wosostats/master/source/csv/nwsl-2016/nwsl-2016-fckc-crs-091116.csv,https://raw.githubusercontent.com/amj2012/wosostats/master/stats/nwsl-2016/nwsl-2016-fckc-crs-091116.csv,,week-19,no,,
9/11/16,2016,9,11,nwsl-2016,NWSL 2016,SRFC,WAS,SRFC-WAS,,https://raw.githubusercontent.com/amj2012/wosostats/master/source/csv/nwsl-2016/nwsl-2016-srfc-was-091116.csv,https://raw.githubusercontent.com/amj2012/wosostats/master/stats/nwsl-2016/nwsl-2016-srfc-was-091116.csv,,week-19,no,,
9/24/16,2016,9,24,nwsl-2016,NWSL 2016,ORL,FCKC,ORL-FCKC,,https://raw.githubusercontent.com/amj2012/wosostats/master/source/csv/nwsl-2016/nwsl-2016-orl-fckc-092416.csv,https://raw.githubusercontent.com/amj2012/wosostats/master/stats/nwsl-2016/nwsl-2016-orl-fckc-092416.csv,,week-20,no,,
9/24/16,2016,9,24,nwsl-2016,NWSL 2016,BOS,WNYF,BOS-WNYF,,https://raw.githubusercontent.com/amj2012/wosostats/master/source/csv/nwsl-2016/nwsl-2016-bos-wnyf-092416.csv,https://raw.githubusercontent.com/amj2012/wosostats/master/stats/nwsl-2016/nwsl-2016-bos-wnyf-092416.csv,,week-20,no,,
9/24/16,2016,9,24,nwsl-2016,NWSL 2016,CRS,WAS,CRS-WAS,,https://raw.githubusercontent.com/amj2012/wosostats/master/source/csv/nwsl-2016/nwsl-2016-crs-was-092416.csv,https://raw.githubusercontent.com/amj2012/wosostats/master/stats/nwsl-2016/nwsl-2016-crs-was-092416.csv,,week-20,no,,
9/25/16,2016,9,25,nwsl-2016,NWSL 2016,SBFC,PTFC,SBFC-PTFC,,https://raw.githubusercontent.com/amj2012/wosostats/master/source/csv/nwsl-2016/nwsl-2016-sbfc-ptfc-092516.csv,https://raw.githubusercontent.com/amj2012/wosostats/master/stats/nwsl-2016/nwsl-2016-sbfc-ptfc-092516.csv,,week-20,no,,
9/25/16,2016,9,25,nwsl-2016,NWSL 2016,HOU,SRFC,HOU-SRFC,,https://raw.githubusercontent.com/amj2012/wosostats/master/source/csv/nwsl-2016/nwsl-2016-hou-srfc-092516.csv,https://raw.githubusercontent.com/amj2012/wosostats/master/stats/nwsl-2016/nwsl-2016-hou-srfc-092516.csv,,week-20,no,,
9/30/16,2016,9,30,nwsl-2016,NWSL 2016,WAS,CRS,WAS-CRS,,https://raw.githubusercontent.com/amj2012/wosostats/master/source/csv/nwsl-2016/nwsl-2016-was-crs-093016.csv,https://raw.githubusercontent.com/amj2012/wosostats/master/stats/nwsl-2016/nwsl-2016-was-crs-093016.csv,,semifinal,no,,
10/2/16,2016,10,2,nwsl-2016,NWSL 2016,PTFC,WNYF,PTFC-WNYF,,https://raw.githubusercontent.com/amj2012/wosostats/master/source/csv/nwsl-2016/nwsl-2016-ptfc-wnyf-100216.csv,https://raw.githubusercontent.com/amj2012/wosostats/master/stats/nwsl-2016/nwsl-2016-ptfc-wnyf-100216.csv,,semifinal,no,,
10/9/16,2016,10,9,nwsl-2016,NWSL 2016,WNYF,WAS,WNYF-WAS,,https://raw.githubusercontent.com/amj2012/wosostats/master/source/csv/nwsl-2016/nwsl-2016-wnyf-was-100916.csv,https://raw.githubusercontent.com/amj2012/wosostats/master/stats/nwsl-2016/nwsl-2016-wnyf-was-100916.csv,,championship,no,,
3/1/17,2017,3,1,shebelieves-cup-2017,SheBelieves Cup 2017,USA,GER,USA-GER,,https://raw.githubusercontent.com/amj2012/wosostats/master/source/csv/shebelieves-cup-2017/shebelieves-cup-2017-usa-ger-030117.csv,https://raw.githubusercontent.com/amj2012/wosostats/master/stats/shebelieves-cup-2017/shebelieves-cup-2017-usa-ger-030117.csv,,,no,1,2
3/4/17,2017,3,4,shebelieves-cup-2017,SheBelieves Cup 2017,USA,ENG,USA-ENG,,https://raw.githubusercontent.com/amj2012/wosostats/master/source/csv/shebelieves-cup-2017/shebelieves-cup-2017-usa-eng-030417.csv,https://raw.githubusercontent.com/amj2012/wosostats/master/stats/shebelieves-cup-2017/shebelieves-cup-2017-usa-eng-030417.csv,,,no,1,5
3/7/17,2017,3,7,shebelieves-cup-2017,SheBelieves Cup 2017,USA,FRA,USA-FRA,,https://raw.githubusercontent.com/amj2012/wosostats/master/source/csv/shebelieves-cup-2017/shebelieves-cup-2017-usa-fra-030717.csv,https://raw.githubusercontent.com/amj2012/wosostats/master/stats/shebelieves-cup-2017/shebelieves-cup-2017-usa-fra-030717.csv,,,no,1,3
4/6/17,2017,4,6,international-friendlies-2017,International Friendlies 2017,USA,RUS,USA-RUS,,https://raw.githubusercontent.com/amj2012/wosostats/master/source/csv/international-friendlies-2017/international-friendlies-2017-usa-rus-040617.csv,https://raw.githubusercontent.com/amj2012/wosostats/master/stats/international-friendlies-2017/international-friendlies-2017-usa-rus-040617.csv,,,no,2,25
4/9/17,2017,4,9,international-friendlies-2017,International Friendlies 2017,USA,RUS,USA-RUS,,https://raw.githubusercontent.com/amj2012/wosostats/master/source/csv/international-friendlies-2017/international-friendlies-2017-usa-rus-040917.csv,https://raw.githubusercontent.com/amj2012/wosostats/master/stats/international-friendlies-2017/international-friendlies-2017-usa-rus-040917.csv,,,no,2,25
6/8/17,2017,6,8,international-friendlies-2017,International Friendlies 2017,SWE,USA,SWE-USA,,https://raw.githubusercontent.com/amj2012/wosostats/master/source/csv/international-friendlies-2017/international-friendlies-2017-swe-usa-060817.csv,https://raw.githubusercontent.com/amj2012/wosostats/master/stats/international-friendlies-2017/international-friendlies-2017-swe-usa-060817.csv,,,no,6,2
6/11/17,2017,6,11,international-friendlies-2017,International Friendlies 2017,NOR,USA,NOR-USA,,https://raw.githubusercontent.com/amj2012/wosostats/master/source/csv/international-friendlies-2017/international-friendlies-2017-nor-usa-061117.csv,https://raw.githubusercontent.com/amj2012/wosostats/master/stats/international-friendlies-2017/international-friendlies-2017-nor-usa-061117.csv,,,no,11,2
7/27/17,2017,7,27,ton-2017,Tournament of Nations 2017,USA,AUS,USA-AUS,,https://raw.githubusercontent.com/amj2012/wosostats/master/source/csv/ton-2017/ton-2017-usa-aus-072717.csv,https://raw.githubusercontent.com/amj2012/wosostats/master/stats/ton-2017/ton-2017-usa-aus-072717.csv,,,no,1,7
8/3/17,2017,8,3,ton-2017,Tournament of Nations 2017,USA,JPN,USA-JPN,,https://raw.githubusercontent.com/amj2012/wosostats/master/source/csv/ton-2017/ton-2017-usa-jpn-080317.csv,https://raw.githubusercontent.com/amj2012/wosostats/master/stats/ton-2017/ton-2017-usa-jpn-080317.csv,,,no,1,6
9/15/17,2017,9,15,international-friendlies-2017,International Friendlies 2017,USA,NZL,USA-NZL,,https://raw.githubusercontent.com/amj2012/wosostats/master/source/csv/international-friendlies-2017/international-friendlies-2017-usa-nzl-091517.csv,https://raw.githubusercontent.com/amj2012/wosostats/master/stats/international-friendlies-2017/international-friendlies-2017-usa-nzl-091517.csv,,,no,1,19
1/21/18,2018,1,21,international-friendlies-2018,International Friendlies 2018,USA,DEN,USA-DEN,,https://raw.githubusercontent.com/amj2012/wosostats/master/source/csv/international-friendlies-2018/international-friendlies-2018-usa-den-012118.csv,https://raw.githubusercontent.com/amj2012/wosostats/master/stats/international-friendlies-2018/international-friendlies-2018-usa-den-012118.csv,,,no,1,12
3/1/18,2018,3,1,shebelieves-cup-2018,SheBelieves Cup 2018,USA,GER,USA-GER,,https://raw.githubusercontent.com/amj2012/wosostats/master/source/csv/shebelieves-cup-2018/shebelieves-cup-2018-usa-ger-030118.csv,https://raw.githubusercontent.com/amj2012/wosostats/master/stats/shebelieves-cup-2018/shebelieves-cup-2018-usa-ger-030118.csv,,,no,1,2
3/4/18,2018,3,4,shebelieves-cup-2018,SheBelieves Cup 2018,USA,FRA,USA-FRA,,https://raw.githubusercontent.com/amj2012/wosostats/master/source/csv/shebelieves-cup-2018/shebelieves-cup-2018-usa-fra-030418.csv,https://raw.githubusercontent.com/amj2012/wosostats/master/stats/shebelieves-cup-2018/shebelieves-cup-2018-usa-fra-030418.csv,,,no,1,6
3/7/18,2018,3,7,shebelieves-cup-2018,SheBelieves Cup 2018,USA,ENG,USA-ENG,,https://raw.githubusercontent.com/amj2012/wosostats/master/source/csv/shebelieves-cup-2018/shebelieves-cup-2018-usa-eng-030718.csv,https://raw.githubusercontent.com/amj2012/wosostats/master/stats/shebelieves-cup-2018/shebelieves-cup-2018-usa-eng-030718.csv,,,no,1,3